{"syn": [-0.050377202412438774, 0.06822380943903847, 0.04080648270864335, -0.11759220607697017, 0.030903029063391308, 0.11212067376999628, -0.24089963852413118, 0.028070237901475694, -0.03083294913882301, -0.05644469790988498, -0.04389968750968812, -0.061913384331597224, 0.03625822067260742, 0.13778695606050037, -0.002048348623608786, -0.11220246269589379, 0.011823873671274337, -0.10708237451220316, -0.035452396150619264, -0.034530669923812624, -0.08001275289626349, -0.03981665202549526, -0.10068207695370629, -0.07305900634281219, -0.033224173954554966, -0.015071626693483383], "sem": [-0.10707424557398236, -0.16277711353604757, 0.05921790713355655, 0.010649181547619048, 0.008835111345563616, 0.07292447771344866, -0.14969344366164433, -0.007858223385281034, 0.020530988299657427], "morp": [-0.08672737696814159, -0.09716697723146468, -0.22617893370371017, -0.22570252040075878, -0.11326095036097936, -0.17170099228147476, -0.12081118235512385, -0.1188665268913148, -0.09604625853281172, -0.09998624286954365, -0.023085306561182416, -0.002438825274270678, -0.01353205574883355, -0.04713708635360476, -0.049613377404591395, -0.11356968349880642, -0.051698790656195745, -0.17648852060711573], "synsem": [-0.016174566178094773, -0.12264469691685267, -0.028036927419995503, -0.034392091963026256, -0.14080325383988637, -0.1202993317255898, -0.02017678911723788, -0.10394587592473106, -0.05241089775448754, -0.03146714255923316, -0.039053197890993145, -0.011162947094629682, -0.0014370963686988467, -0.12625416498335582]}