{"syn": [-0.034530230930873325, -0.07305846895490374, -0.08001181435963464, 0.06822697321573894, -0.030833751436263795, -0.1122030530657087, 0.13778721340118893, -0.2408999488467262, -0.033223803081209695, 0.030903074476453993, -0.03545236587524414, -0.10068247810242668, 0.036259439256456166, -0.01507099847944956, -0.10708323736039418, -0.05644450868879046, -0.04389826456705729, 0.02807132781498016, 0.04080683844430106, -0.03981684881543356, -0.06191290749443902, 0.11212149120512463, -0.11759212281968859, -0.0020479096306694877, -0.05037743704659598, 0.011823586055210658], "sem": [0.059218255300370476, 0.020528255947052487, -0.14969370857117667, 0.008835277860126799, -0.16278241172669425, -0.10707332974388487, 0.010648651728554377, 0.07292509835863871, -0.007858828892783514], "morp": [-0.049614164564344615, -0.09998615204341828, -0.1764892472161187, -0.08672711962745303, -0.11326105632479229, -0.22570209654550705, -0.09716714374602788, -0.047137305850074404, -0.05169912368532211, -0.226178282783145, -0.013532002766927084, -0.12081090230790395, -0.1717005759950668, -0.1135689341832721, -0.11886661771744017, -0.0024382349044557603, -0.02308563959030878, -0.09604633422124953], "synsem": [-0.016174641866532582, -0.03146745288182819, -0.020175926269046844, -0.01116270489162869, -0.12029914250449529, -0.10394533096797882, -0.001437732151576451, -0.034391993568057104, -0.14080373824588835, -0.12264486343141585, -0.12625394548688615, -0.02803492924523732, -0.052410746377611915, -0.03905272105383494]}